{
"mean": [0.3064 ,1.63664,3.11139,4.58353,6.68092,8.92876,9.16891,8.10939,6.37797,
	 5.02319,4.30261,3.85816,3.53912,3.27911,3.03987,2.8368 ,2.65633,2.49817,
	 2.34161,2.19946,2.06044,1.92036,1.79439,1.67555,1.57399,1.46994,1.37288,
	 1.28544,1.20634,1.12704,1.05852,0.99206,0.93175,0.87007,0.8154 ,0.76578,
	 0.71686,0.67108,0.62726,0.58818,0.551  ,0.51596,0.48229,0.45113,0.42609,
	 0.40059,0.37799,0.35865,0.3412 ,0.32354,0.30738,0.29554,0.28373,0.26942,
	 0.25986,0.2485 ,0.23912,0.23129,0.22302,0.21673,0.20956,0.2029 ,0.19692,
	 0.19167,0.18619,0.1829 ,0.17812,0.17452,0.17035,0.16882],
  "std": [0.25703,1.25702,2.09187,2.6789 ,3.48009,3.97714,2.99861,1.74899,1.08209,
	  1.06188,1.03184,0.9917 ,0.95737,0.93093,0.89287,0.85618,0.81961,0.79462,
	  0.76328,0.73377,0.70379,0.66925,0.63375,0.60133,0.57968,0.55245,0.52993,
	  0.50537,0.48817,0.46835,0.45335,0.43061,0.41333,0.39246,0.37429,0.36103,
	  0.34267,0.3292 ,0.31444,0.29799,0.28472,0.2704 ,0.25572,0.24629,0.23542,
	  0.22504,0.21273,0.20567,0.1967 ,0.18836,0.18155,0.1772 ,0.1727 ,0.16435,
	  0.16128,0.15764,0.15085,0.14723,0.1401 ,0.13737,0.13286,0.1291 ,0.12511,
	  0.12291,0.11867,0.11613,0.11454,0.11439,0.11452,0.11245]
}
