{
    "mean": [0.65545,2.71658,5.22039,8.18786,7.31231,4.90199,3.70609,3.1317,2.75415,2.45091,2.20539,1.99196,1.79518,1.61372,1.45416,1.31265,1.18576,1.07512,0.97431,0.88822,0.80884,0.73782,0.67619,0.62043,0.57158,0.52683,0.48775,0.45466,0.42382,0.39631,0.37369,0.35394,0.33507,0.31955,0.30644,0.29417,0.28249,0.27391,0.26608,0.25692,0.24998,0.24402,0.23766,0.23127,0.22633,0.22141,0.2162,0.21154,0.20833,0.20459,0.20009,0.19703,0.19423,0.19006,0.18682,0.18472,0.18136,0.17775,0.17546,0.1732,0.17,0.16781,0.16537,0.16262,0.1599,0.1574,0.15497,0.15189,0.14972,0.14787],
  "std": 1.72
}
